{"stats":{"minecraft:killed_by":{"minecraft:pillager":1},"minecraft:picked_up":{"minecraft:birch_log":3,"minecraft:stick":7,"dynamictrees:birch_seed":2,"minecraft:oak_log":1},"minecraft:mined":{"minecraft:grass":1,"minecraft:oak_log":1,"minecraft:tall_grass":6,"minecraft:moss_block":1},"minecraft:custom":{"minecraft:time_since_rest":5371,"minecraft:crouch_one_cm":71,"minecraft:damage_taken":215,"minecraft:sprint_one_cm":22208,"minecraft:play_time":11009,"minecraft:deaths":1,"minecraft:walk_one_cm":8769,"minecraft:sneak_time":441,"minecraft:jump":250,"minecraft:damage_dealt":10,"minecraft:leave_game":1,"minecraft:time_since_death":6174,"minecraft:total_world_time":11009,"minecraft:fall_one_cm":7071,"minecraft:fly_one_cm":72403},"minecraft:used":{"tombstone:gift":2,"dynamictrees:birch_seed":1}},"DataVersion":3465}